investorAmount,budgetGoal,currentGoal,profit1Year,profit2Years,profit3Years,durationDays,projectStatus,projectTag,currency,riskLevel
65904,13950,13950,0.07,0.17,0.22,89,IN_PROGRESS,TECH,ARS,BAJO
46808,6416,6416,0.09,0.17,0.24,88,PENDING_FUNDING,HEALTH,CNY,BAJO
20574,14256,14256,0.07,0.15,0.2,39,COMPLETED,SCIENCE,ARS,BAJO
21138,5775,5775,0.14,0.31,0.46,54,IN_PROGRESS,SCIENCE,USD,BAJO
6479,6740,6740,0.14,0.31,0.42,83,PENDING_FUNDING,OTHER,EUR,BAJO
49797,13471,13471,0.06,0.14,0.2,83,COMPLETED,SCIENCE,CNY,BAJO
97423,14598,14598,0.08,0.17,0.26,40,PENDING_FUNDING,OTHER,USD,BAJO
92014,10783,10783,0.08,0.19,0.24,36,IN_PROGRESS,TECH,CNY,BAJO
73698,9105,9105,0.12,0.28,0.39,58,PENDING_FUNDING,OTHER,CNY,BAJO
96129,9820,9820,0.11,0.22,0.36,50,IN_PROGRESS,OTHER,CNY,BAJO
43013,7726,7726,0.15,0.31,0.44,43,COMPLETED,TECH,EUR,BAJO
52397,8354,8354,0.11,0.25,0.33,72,COMPLETED,TECH,EUR,BAJO
51540,12583,12583,0.1,0.19,0.29,68,PENDING_FUNDING,HEALTH,USD,BAJO
99528,14457,14457,0.14,0.3,0.37,35,IN_PROGRESS,HEALTH,USD,BAJO
6863,10292,10292,0.11,0.24,0.33,36,PENDING_FUNDING,TECH,USD,BAJO
21764,9199,9199,0.08,0.17,0.23,43,PENDING_FUNDING,HEALTH,EUR,BAJO
19375,5390,5390,0.09,0.18,0.3,46,PENDING_FUNDING,TECH,EUR,BAJO
20501,12934,12934,0.07,0.16,0.18,54,PENDING_FUNDING,TECH,EUR,BAJO
97139,10122,10122,0.15,0.33,0.41,69,PENDING_FUNDING,OTHER,USD,BAJO
55926,5762,5762,0.06,0.12,0.2,30,COMPLETED,TECH,ARS,BAJO
46294,8222,8222,0.12,0.29,0.4,56,COMPLETED,TECH,ARS,BAJO
82648,9085,9085,0.12,0.29,0.39,51,PENDING_FUNDING,TECH,USD,BAJO
63576,9746,9746,0.07,0.16,0.19,49,PENDING_FUNDING,SCIENCE,EUR,BAJO
50472,8853,8853,0.06,0.13,0.16,71,PENDING_FUNDING,TECH,ARS,BAJO
75729,5264,5264,0.07,0.17,0.18,41,IN_PROGRESS,TECH,CNY,BAJO
30743,12525,12525,0.1,0.19,0.29,77,COMPLETED,OTHER,CNY,BAJO
25697,11461,11461,0.09,0.18,0.3,85,PENDING_FUNDING,OTHER,ARS,BAJO
92853,11779,11779,0.07,0.15,0.23,65,IN_PROGRESS,OTHER,CNY,BAJO
16184,14130,14130,0.08,0.17,0.24,65,IN_PROGRESS,SCIENCE,CNY,BAJO
6456,11761,11761,0.07,0.17,0.2,60,IN_PROGRESS,HEALTH,CNY,BAJO
24210,10746,10746,0.06,0.15,0.15,87,COMPLETED,HEALTH,ARS,BAJO
7760,7897,7897,0.13,0.28,0.39,33,IN_PROGRESS,OTHER,EUR,BAJO
81022,5703,5703,0.11,0.26,0.32,81,PENDING_FUNDING,OTHER,ARS,BAJO
26380,9952,9952,0.08,0.19,0.21,84,IN_PROGRESS,HEALTH,ARS,BAJO
78776,5929,5929,0.15,0.35,0.4,71,PENDING_FUNDING,OTHER,CNY,BAJO
82183,6071,6071,0.12,0.24,0.3,44,PENDING_FUNDING,OTHER,ARS,BAJO
29765,11014,11014,0.07,0.15,0.21,60,PENDING_FUNDING,SCIENCE,ARS,BAJO
83141,10540,10540,0.09,0.2,0.31,87,PENDING_FUNDING,OTHER,CNY,BAJO
76607,11472,11472,0.11,0.22,0.37,33,COMPLETED,OTHER,CNY,BAJO
37116,10057,10057,0.05,0.11,0.15,50,IN_PROGRESS,SCIENCE,USD,BAJO
86364,12324,12324,0.13,0.28,0.38,73,PENDING_FUNDING,SCIENCE,USD,BAJO
99070,5385,5385,0.13,0.29,0.38,44,IN_PROGRESS,SCIENCE,EUR,BAJO
11013,6061,6061,0.07,0.16,0.24,50,IN_PROGRESS,TECH,USD,BAJO
29701,5995,5995,0.06,0.11,0.19,56,COMPLETED,TECH,EUR,BAJO
53446,11066,11066,0.08,0.17,0.26,37,IN_PROGRESS,TECH,CNY,BAJO
35167,7366,7366,0.15,0.3,0.41,67,COMPLETED,HEALTH,USD,BAJO
81771,7890,7890,0.08,0.15,0.26,78,IN_PROGRESS,HEALTH,CNY,BAJO
36525,10376,10376,0.13,0.31,0.45,63,PENDING_FUNDING,TECH,ARS,BAJO
45102,7580,7580,0.08,0.15,0.22,74,COMPLETED,TECH,EUR,BAJO
1793,11298,11298,0.14,0.27,0.36,54,COMPLETED,OTHER,EUR,BAJO
95706,11589,11589,0.06,0.15,0.16,46,COMPLETED,TECH,ARS,BAJO
55305,12373,12373,0.07,0.17,0.18,42,PENDING_FUNDING,SCIENCE,ARS,BAJO
43996,11873,11873,0.11,0.25,0.38,54,IN_PROGRESS,OTHER,USD,BAJO
15183,11056,11056,0.13,0.28,0.34,35,COMPLETED,SCIENCE,CNY,BAJO
40349,8927,8927,0.1,0.2,0.28,82,IN_PROGRESS,HEALTH,ARS,BAJO
48292,8507,8507,0.09,0.16,0.3,47,IN_PROGRESS,OTHER,ARS,BAJO
33257,12804,12804,0.13,0.3,0.38,81,IN_PROGRESS,OTHER,ARS,BAJO
83915,13010,13010,0.11,0.27,0.38,81,IN_PROGRESS,HEALTH,CNY,BAJO
94474,5795,5795,0.12,0.29,0.31,79,PENDING_FUNDING,SCIENCE,USD,BAJO
59187,12560,12560,0.14,0.26,0.45,86,COMPLETED,HEALTH,ARS,BAJO
73164,9230,9230,0.15,0.36,0.48,66,IN_PROGRESS,HEALTH,ARS,BAJO
44026,14210,14210,0.13,0.29,0.37,79,COMPLETED,OTHER,CNY,BAJO
40663,5387,5387,0.07,0.14,0.23,76,COMPLETED,TECH,CNY,BAJO
70226,13062,13062,0.1,0.24,0.27,39,IN_PROGRESS,HEALTH,CNY,BAJO
57537,14688,14688,0.09,0.21,0.24,73,PENDING_FUNDING,OTHER,EUR,BAJO
33054,11749,11749,0.11,0.27,0.34,45,COMPLETED,HEALTH,ARS,BAJO
41769,8710,8710,0.11,0.26,0.31,36,PENDING_FUNDING,TECH,CNY,BAJO
97606,6535,6535,0.1,0.22,0.28,40,PENDING_FUNDING,TECH,EUR,BAJO
45233,10736,10736,0.08,0.17,0.22,61,PENDING_FUNDING,SCIENCE,ARS,BAJO
62339,10486,10486,0.1,0.22,0.31,65,IN_PROGRESS,OTHER,ARS,BAJO
97546,5672,5672,0.1,0.21,0.29,44,IN_PROGRESS,SCIENCE,EUR,BAJO
50102,11377,11377,0.11,0.24,0.29,77,IN_PROGRESS,OTHER,ARS,BAJO
97547,7924,7924,0.12,0.27,0.41,64,COMPLETED,OTHER,EUR,BAJO
65597,8158,8158,0.14,0.3,0.43,62,IN_PROGRESS,SCIENCE,USD,BAJO
2133,7771,7771,0.14,0.28,0.48,46,COMPLETED,SCIENCE,CNY,BAJO
75664,10159,10159,0.1,0.21,0.3,80,PENDING_FUNDING,SCIENCE,ARS,BAJO
53368,5101,5101,0.15,0.32,0.46,54,COMPLETED,HEALTH,ARS,BAJO
54921,11394,11394,0.06,0.12,0.17,64,IN_PROGRESS,HEALTH,USD,BAJO
83158,6640,6640,0.11,0.26,0.34,32,PENDING_FUNDING,TECH,USD,BAJO
83189,13303,13303,0.07,0.13,0.18,79,COMPLETED,TECH,ARS,BAJO
68136,13845,13845,0.06,0.14,0.19,90,IN_PROGRESS,OTHER,ARS,BAJO
10501,10224,10224,0.15,0.35,0.45,36,IN_PROGRESS,TECH,EUR,BAJO
49997,13925,13925,0.13,0.24,0.38,86,COMPLETED,HEALTH,USD,BAJO
11231,13369,13369,0.05,0.12,0.15,35,IN_PROGRESS,SCIENCE,CNY,BAJO
86013,12023,12023,0.09,0.2,0.24,53,COMPLETED,TECH,USD,BAJO
15226,13498,13498,0.06,0.14,0.16,75,PENDING_FUNDING,TECH,EUR,BAJO
53603,9817,9817,0.08,0.15,0.24,86,COMPLETED,TECH,ARS,BAJO
59505,11830,11830,0.15,0.28,0.46,86,PENDING_FUNDING,SCIENCE,USD,BAJO
26468,14785,14785,0.1,0.18,0.28,79,IN_PROGRESS,SCIENCE,ARS,BAJO
58269,11525,11525,0.13,0.27,0.34,55,COMPLETED,SCIENCE,CNY,BAJO
99977,9400,9400,0.15,0.36,0.5,31,IN_PROGRESS,OTHER,EUR,BAJO
10896,14189,14189,0.09,0.18,0.26,75,PENDING_FUNDING,HEALTH,EUR,BAJO
58353,14134,14134,0.11,0.25,0.33,48,IN_PROGRESS,SCIENCE,CNY,BAJO
49465,7886,7886,0.13,0.32,0.41,42,IN_PROGRESS,SCIENCE,EUR,BAJO
21300,12923,12923,0.05,0.12,0.17,32,PENDING_FUNDING,HEALTH,CNY,BAJO
94385,14771,14771,0.06,0.12,0.21,79,PENDING_FUNDING,TECH,EUR,BAJO
85127,6511,6511,0.05,0.09,0.17,65,PENDING_FUNDING,HEALTH,USD,BAJO
15904,10081,10081,0.1,0.2,0.27,67,PENDING_FUNDING,SCIENCE,EUR,BAJO
76468,12805,12805,0.09,0.19,0.23,60,COMPLETED,HEALTH,CNY,BAJO
8407,8871,8871,0.07,0.17,0.19,53,PENDING_FUNDING,HEALTH,CNY,BAJO
85903,12246,12246,0.11,0.2,0.32,75,PENDING_FUNDING,SCIENCE,ARS,BAJO
84357,10109,10109,0.1,0.23,0.34,73,PENDING_FUNDING,OTHER,ARS,BAJO
22191,10661,10661,0.11,0.26,0.32,37,COMPLETED,HEALTH,ARS,BAJO
39373,10810,10810,0.06,0.12,0.16,34,PENDING_FUNDING,TECH,EUR,BAJO
5164,9979,9979,0.14,0.27,0.49,64,COMPLETED,SCIENCE,ARS,BAJO
22399,13987,13987,0.08,0.16,0.26,34,PENDING_FUNDING,HEALTH,CNY,BAJO
69279,11605,11605,0.12,0.26,0.39,75,COMPLETED,SCIENCE,EUR,BAJO
76720,9551,9551,0.12,0.23,0.31,72,IN_PROGRESS,TECH,ARS,BAJO
37131,13805,13805,0.1,0.19,0.29,84,COMPLETED,SCIENCE,EUR,BAJO
33872,11461,11461,0.11,0.2,0.33,79,COMPLETED,OTHER,ARS,BAJO
82318,7812,7812,0.12,0.29,0.38,37,PENDING_FUNDING,TECH,ARS,BAJO
21834,13508,13508,0.07,0.16,0.23,67,PENDING_FUNDING,TECH,ARS,BAJO
8689,9708,9708,0.14,0.32,0.41,45,PENDING_FUNDING,TECH,USD,BAJO
80581,5178,5178,0.13,0.26,0.33,32,IN_PROGRESS,HEALTH,ARS,BAJO
44668,5310,5310,0.11,0.22,0.37,31,IN_PROGRESS,OTHER,EUR,BAJO
88359,10790,10790,0.08,0.2,0.25,32,COMPLETED,OTHER,CNY,BAJO
75019,7156,7156,0.12,0.26,0.32,41,COMPLETED,SCIENCE,CNY,BAJO
59577,9691,9691,0.15,0.31,0.4,55,IN_PROGRESS,OTHER,ARS,BAJO
83421,5913,5913,0.12,0.26,0.4,54,IN_PROGRESS,SCIENCE,CNY,BAJO
81910,9303,9303,0.15,0.3,0.38,80,COMPLETED,OTHER,EUR,BAJO
47077,9940,9940,0.1,0.2,0.31,33,COMPLETED,OTHER,USD,BAJO
76793,5250,5250,0.12,0.23,0.39,61,COMPLETED,SCIENCE,USD,BAJO
44989,12591,12591,0.11,0.27,0.31,61,PENDING_FUNDING,OTHER,CNY,BAJO
75639,8125,8125,0.15,0.32,0.5,50,COMPLETED,TECH,EUR,BAJO
44874,6908,6908,0.14,0.35,0.48,66,IN_PROGRESS,HEALTH,ARS,BAJO
16435,6965,6965,0.08,0.16,0.27,85,PENDING_FUNDING,OTHER,USD,BAJO
11944,7038,7038,0.15,0.33,0.44,77,PENDING_FUNDING,SCIENCE,USD,BAJO
39948,14453,14453,0.08,0.16,0.27,53,IN_PROGRESS,OTHER,ARS,BAJO
52081,7962,7962,0.05,0.12,0.14,34,IN_PROGRESS,OTHER,ARS,BAJO
69137,7574,7574,0.13,0.3,0.37,72,COMPLETED,OTHER,ARS,BAJO
12757,12094,12094,0.13,0.31,0.34,66,COMPLETED,HEALTH,CNY,BAJO
6708,8137,8137,0.11,0.21,0.35,88,COMPLETED,TECH,CNY,BAJO
63465,14142,14142,0.07,0.14,0.19,56,IN_PROGRESS,OTHER,ARS,BAJO
96122,11446,11446,0.07,0.16,0.18,70,COMPLETED,HEALTH,EUR,BAJO
7176,14597,14597,0.11,0.22,0.31,56,IN_PROGRESS,HEALTH,USD,BAJO
6659,10811,10811,0.06,0.12,0.21,53,IN_PROGRESS,TECH,CNY,BAJO
9955,6316,6316,0.14,0.28,0.41,78,PENDING_FUNDING,TECH,ARS,BAJO
64524,5210,5210,0.12,0.28,0.32,32,IN_PROGRESS,TECH,CNY,BAJO
43718,7926,7926,0.09,0.19,0.26,81,PENDING_FUNDING,TECH,CNY,BAJO
11672,7465,7465,0.12,0.29,0.41,36,IN_PROGRESS,OTHER,CNY,BAJO
29130,9052,9052,0.1,0.18,0.33,75,IN_PROGRESS,SCIENCE,CNY,BAJO
15950,11833,11833,0.11,0.21,0.38,86,COMPLETED,HEALTH,EUR,BAJO
75368,10057,10057,0.12,0.23,0.38,59,COMPLETED,SCIENCE,USD,BAJO
63153,7670,7670,0.1,0.25,0.34,67,COMPLETED,TECH,ARS,BAJO
58267,6303,6303,0.07,0.13,0.22,73,PENDING_FUNDING,OTHER,ARS,BAJO
6251,6748,6748,0.07,0.15,0.18,67,PENDING_FUNDING,HEALTH,USD,BAJO
16824,7230,7230,0.06,0.11,0.16,41,COMPLETED,TECH,CNY,BAJO
41705,6974,6974,0.06,0.12,0.19,71,COMPLETED,OTHER,ARS,BAJO
80494,9962,9962,0.09,0.21,0.24,64,COMPLETED,TECH,USD,BAJO
27434,13554,13554,0.13,0.29,0.34,56,COMPLETED,SCIENCE,CNY,BAJO
6079,14104,14104,0.11,0.27,0.28,74,PENDING_FUNDING,HEALTH,EUR,BAJO
11874,11587,11587,0.08,0.19,0.23,56,COMPLETED,TECH,EUR,BAJO
58643,10282,10282,0.09,0.18,0.29,72,COMPLETED,TECH,EUR,BAJO
94956,12811,12811,0.13,0.31,0.44,78,PENDING_FUNDING,OTHER,CNY,BAJO
92507,7369,7369,0.08,0.15,0.23,70,COMPLETED,OTHER,ARS,BAJO
27827,5487,5487,0.05,0.1,0.14,85,PENDING_FUNDING,OTHER,CNY,BAJO
61111,7160,7160,0.1,0.23,0.3,41,IN_PROGRESS,TECH,EUR,BAJO
43088,9175,9175,0.13,0.3,0.41,51,IN_PROGRESS,TECH,ARS,BAJO
30823,6307,6307,0.14,0.27,0.37,40,COMPLETED,HEALTH,USD,BAJO
53968,12425,12425,0.14,0.35,0.39,43,PENDING_FUNDING,TECH,ARS,BAJO
98920,10825,10825,0.05,0.1,0.17,64,PENDING_FUNDING,TECH,CNY,BAJO
69111,12552,12552,0.13,0.31,0.4,47,PENDING_FUNDING,OTHER,EUR,BAJO
34584,8815,8815,0.1,0.23,0.29,54,COMPLETED,OTHER,CNY,BAJO
44014,11407,11407,0.07,0.14,0.22,60,IN_PROGRESS,TECH,USD,BAJO
42210,13597,13597,0.14,0.31,0.41,45,PENDING_FUNDING,TECH,CNY,BAJO
72351,11850,11850,0.1,0.21,0.32,72,COMPLETED,OTHER,ARS,BAJO
93625,13363,13363,0.1,0.22,0.28,71,PENDING_FUNDING,OTHER,EUR,BAJO
78525,14423,14423,0.08,0.16,0.27,69,PENDING_FUNDING,HEALTH,CNY,BAJO
81910,14093,14093,0.13,0.27,0.34,85,IN_PROGRESS,HEALTH,USD,BAJO
8404,10465,10465,0.1,0.21,0.34,85,PENDING_FUNDING,HEALTH,USD,BAJO
96897,9935,9935,0.09,0.19,0.28,37,COMPLETED,TECH,USD,BAJO
53124,13273,13273,0.1,0.2,0.27,49,COMPLETED,OTHER,CNY,BAJO
24370,5222,5222,0.08,0.16,0.23,58,PENDING_FUNDING,SCIENCE,USD,BAJO
12250,11767,11767,0.08,0.15,0.2,69,PENDING_FUNDING,SCIENCE,EUR,BAJO
82908,5413,5413,0.14,0.26,0.41,56,COMPLETED,OTHER,USD,BAJO
35060,9439,9439,0.06,0.14,0.16,79,COMPLETED,SCIENCE,EUR,BAJO
65157,9803,9803,0.06,0.11,0.17,69,IN_PROGRESS,OTHER,CNY,BAJO
49977,7208,7208,0.12,0.24,0.31,30,COMPLETED,HEALTH,CNY,BAJO
29531,8214,8214,0.13,0.23,0.36,85,IN_PROGRESS,HEALTH,ARS,BAJO
18536,5073,5073,0.09,0.2,0.26,76,PENDING_FUNDING,HEALTH,CNY,BAJO
37305,13011,13011,0.14,0.34,0.48,65,IN_PROGRESS,OTHER,ARS,BAJO
73077,11916,11916,0.11,0.23,0.3,68,COMPLETED,SCIENCE,EUR,BAJO
79924,9717,9717,0.09,0.21,0.27,84,COMPLETED,SCIENCE,USD,BAJO
77943,12594,12594,0.14,0.26,0.48,56,PENDING_FUNDING,SCIENCE,USD,BAJO
97513,5888,5888,0.09,0.21,0.31,42,PENDING_FUNDING,SCIENCE,ARS,BAJO
44181,5981,5981,0.08,0.16,0.21,52,COMPLETED,TECH,USD,BAJO
35328,9986,9986,0.12,0.24,0.41,43,COMPLETED,SCIENCE,EUR,BAJO
14674,13850,13850,0.05,0.11,0.15,82,IN_PROGRESS,HEALTH,EUR,BAJO
46470,13826,13826,0.1,0.2,0.32,70,COMPLETED,SCIENCE,CNY,BAJO
45546,5713,5713,0.11,0.24,0.35,75,PENDING_FUNDING,OTHER,USD,BAJO
1918,9844,9844,0.13,0.24,0.43,61,COMPLETED,TECH,CNY,BAJO
15597,10539,10539,0.15,0.31,0.47,59,COMPLETED,OTHER,ARS,BAJO
66246,7114,7114,0.06,0.13,0.19,70,IN_PROGRESS,SCIENCE,CNY,BAJO
69787,13926,13926,0.09,0.18,0.26,89,COMPLETED,SCIENCE,USD,BAJO
73693,13554,13554,0.12,0.22,0.35,87,PENDING_FUNDING,HEALTH,ARS,BAJO
54247,12770,12770,0.07,0.15,0.19,30,IN_PROGRESS,TECH,ARS,BAJO
46288,14905,14905,0.13,0.26,0.35,35,COMPLETED,TECH,CNY,BAJO
48483,9276,9276,0.12,0.22,0.32,90,PENDING_FUNDING,SCIENCE,EUR,BAJO
44917,6445,6445,0.12,0.26,0.41,81,COMPLETED,HEALTH,CNY,BAJO
1301,10818,10818,0.07,0.17,0.24,39,COMPLETED,HEALTH,USD,BAJO
78384,7522,7522,0.14,0.33,0.48,89,IN_PROGRESS,HEALTH,CNY,BAJO
89806,6709,6709,0.05,0.1,0.13,51,IN_PROGRESS,SCIENCE,USD,BAJO
27292,10185,10185,0.1,0.18,0.34,49,IN_PROGRESS,SCIENCE,ARS,BAJO
49911,13848,13848,0.1,0.18,0.31,34,PENDING_FUNDING,HEALTH,EUR,BAJO
25575,9319,9319,0.13,0.27,0.33,77,COMPLETED,TECH,ARS,BAJO
80250,5288,5288,0.06,0.14,0.15,78,PENDING_FUNDING,HEALTH,CNY,BAJO
41019,5049,5049,0.15,0.29,0.43,36,IN_PROGRESS,SCIENCE,ARS,BAJO
58895,10570,10570,0.07,0.15,0.18,70,PENDING_FUNDING,OTHER,USD,BAJO
49765,13376,13376,0.12,0.29,0.39,45,COMPLETED,TECH,ARS,BAJO
58376,8213,8213,0.15,0.28,0.45,72,PENDING_FUNDING,SCIENCE,ARS,BAJO
71702,5114,5114,0.1,0.21,0.29,67,IN_PROGRESS,HEALTH,ARS,BAJO
13052,8452,8452,0.1,0.2,0.26,43,COMPLETED,OTHER,ARS,BAJO
81478,9124,9124,0.13,0.32,0.45,78,COMPLETED,TECH,EUR,BAJO
56475,11844,11844,0.08,0.17,0.21,66,PENDING_FUNDING,TECH,EUR,BAJO
15933,8192,8192,0.07,0.14,0.23,32,PENDING_FUNDING,OTHER,ARS,BAJO
22308,9284,9284,0.11,0.25,0.35,52,COMPLETED,TECH,USD,BAJO
15796,11199,11199,0.06,0.12,0.19,45,IN_PROGRESS,HEALTH,CNY,BAJO
43116,6481,6481,0.1,0.19,0.25,84,COMPLETED,OTHER,CNY,BAJO
39345,9191,9191,0.08,0.15,0.24,81,PENDING_FUNDING,TECH,EUR,BAJO
16273,12070,12070,0.11,0.25,0.28,84,PENDING_FUNDING,TECH,EUR,BAJO
52346,7302,7302,0.14,0.34,0.43,90,PENDING_FUNDING,SCIENCE,EUR,BAJO
53199,9422,9422,0.06,0.14,0.19,76,IN_PROGRESS,OTHER,USD,BAJO
9580,11828,11828,0.05,0.11,0.15,33,PENDING_FUNDING,SCIENCE,EUR,BAJO
90363,12672,12672,0.1,0.22,0.28,69,PENDING_FUNDING,OTHER,EUR,BAJO
96027,10350,10350,0.12,0.22,0.31,50,IN_PROGRESS,TECH,EUR,BAJO
90986,9009,9009,0.13,0.28,0.44,77,COMPLETED,TECH,USD,BAJO
64192,9704,9704,0.08,0.18,0.23,79,PENDING_FUNDING,HEALTH,ARS,BAJO
63741,7084,7084,0.09,0.16,0.23,75,PENDING_FUNDING,OTHER,USD,BAJO
95901,9063,9063,0.11,0.27,0.37,54,COMPLETED,HEALTH,ARS,BAJO
11111,5603,5603,0.06,0.14,0.16,47,PENDING_FUNDING,HEALTH,ARS,BAJO
3811,13197,13197,0.08,0.16,0.27,48,COMPLETED,OTHER,USD,BAJO
98932,11590,11590,0.14,0.29,0.35,49,PENDING_FUNDING,OTHER,EUR,BAJO
61968,5049,5049,0.1,0.24,0.31,71,PENDING_FUNDING,HEALTH,USD,BAJO
45862,6838,6838,0.08,0.16,0.21,53,PENDING_FUNDING,OTHER,EUR,BAJO
45968,13283,13283,0.07,0.15,0.18,59,COMPLETED,SCIENCE,CNY,BAJO
34102,12749,12749,0.12,0.28,0.37,53,COMPLETED,TECH,EUR,BAJO
62022,11406,11406,0.08,0.15,0.21,40,PENDING_FUNDING,OTHER,EUR,BAJO
28572,13486,13486,0.13,0.31,0.4,58,PENDING_FUNDING,OTHER,CNY,BAJO
21264,7167,7167,0.13,0.29,0.43,88,COMPLETED,OTHER,EUR,BAJO
59291,11800,11800,0.12,0.25,0.3,75,IN_PROGRESS,OTHER,ARS,BAJO
22420,9985,9985,0.09,0.22,0.23,49,PENDING_FUNDING,TECH,ARS,BAJO
19158,11907,11907,0.1,0.18,0.34,90,COMPLETED,TECH,CNY,BAJO
56648,7060,7060,0.15,0.34,0.44,80,PENDING_FUNDING,OTHER,EUR,BAJO
14505,14241,14241,0.11,0.22,0.37,85,PENDING_FUNDING,SCIENCE,CNY,BAJO
15480,11424,11424,0.06,0.14,0.15,89,IN_PROGRESS,TECH,CNY,BAJO
57810,10250,10250,0.06,0.11,0.2,65,IN_PROGRESS,HEALTH,EUR,BAJO
22055,14543,14543,0.1,0.23,0.26,84,PENDING_FUNDING,SCIENCE,ARS,BAJO
97899,5867,5867,0.12,0.23,0.32,48,COMPLETED,OTHER,CNY,BAJO
80397,5726,5726,0.09,0.22,0.26,67,COMPLETED,TECH,EUR,BAJO
66475,14443,14443,0.07,0.16,0.23,90,PENDING_FUNDING,OTHER,USD,BAJO
96823,10217,10217,0.08,0.17,0.2,88,IN_PROGRESS,HEALTH,USD,BAJO
78726,13430,13430,0.12,0.24,0.41,90,PENDING_FUNDING,OTHER,EUR,BAJO
63761,13267,13267,0.08,0.16,0.24,68,COMPLETED,TECH,CNY,BAJO
20725,13450,13450,0.08,0.14,0.25,60,IN_PROGRESS,HEALTH,EUR,BAJO
89827,7611,7611,0.15,0.32,0.5,33,PENDING_FUNDING,HEALTH,CNY,BAJO
26662,13608,13608,0.13,0.29,0.44,71,PENDING_FUNDING,SCIENCE,CNY,BAJO
46090,12333,12333,0.13,0.28,0.34,89,IN_PROGRESS,HEALTH,EUR,BAJO
62622,7585,7585,0.14,0.32,0.43,40,IN_PROGRESS,HEALTH,ARS,BAJO
99689,6119,6119,0.09,0.17,0.29,89,IN_PROGRESS,HEALTH,EUR,BAJO
56060,10222,10222,0.13,0.28,0.39,48,IN_PROGRESS,OTHER,EUR,BAJO
22232,6661,6661,0.08,0.16,0.26,84,PENDING_FUNDING,TECH,EUR,BAJO
38742,5970,5970,0.14,0.28,0.45,31,IN_PROGRESS,OTHER,EUR,BAJO
40799,8454,8454,0.08,0.18,0.25,79,PENDING_FUNDING,OTHER,USD,BAJO
95712,8027,8027,0.12,0.23,0.37,84,IN_PROGRESS,OTHER,EUR,BAJO
62977,5222,5222,0.06,0.14,0.2,73,PENDING_FUNDING,TECH,ARS,BAJO
66275,8246,8246,0.09,0.2,0.31,53,COMPLETED,TECH,ARS,BAJO
31556,7001,7001,0.13,0.32,0.41,77,COMPLETED,SCIENCE,USD,BAJO
35988,7101,7101,0.13,0.25,0.43,56,PENDING_FUNDING,HEALTH,EUR,BAJO
29293,14373,14373,0.12,0.27,0.3,32,COMPLETED,SCIENCE,CNY,BAJO
53007,9946,9946,0.08,0.18,0.26,85,COMPLETED,OTHER,CNY,BAJO
43827,7412,7412,0.06,0.14,0.17,90,COMPLETED,SCIENCE,CNY,BAJO
93929,9456,9456,0.09,0.2,0.3,79,COMPLETED,TECH,USD,BAJO
2656,8807,8807,0.14,0.28,0.46,80,COMPLETED,SCIENCE,ARS,BAJO
5177,10146,10146,0.13,0.31,0.41,52,COMPLETED,OTHER,ARS,BAJO
55920,10557,10557,0.1,0.2,0.34,78,PENDING_FUNDING,OTHER,ARS,BAJO
17847,11540,11540,0.05,0.09,0.15,62,PENDING_FUNDING,TECH,ARS,BAJO
88916,13631,13631,0.15,0.31,0.43,33,IN_PROGRESS,OTHER,USD,BAJO
35923,12669,12669,0.1,0.2,0.29,78,IN_PROGRESS,SCIENCE,USD,BAJO
39675,8489,8489,0.1,0.18,0.26,67,PENDING_FUNDING,TECH,EUR,BAJO
95278,7981,7981,0.08,0.18,0.22,42,COMPLETED,TECH,ARS,BAJO
53115,11425,11425,0.15,0.36,0.49,36,IN_PROGRESS,HEALTH,CNY,BAJO
56752,9192,9192,0.1,0.22,0.27,37,COMPLETED,OTHER,USD,BAJO
34014,6814,6814,0.06,0.13,0.17,79,COMPLETED,HEALTH,CNY,BAJO
36952,14210,14210,0.11,0.27,0.37,74,IN_PROGRESS,SCIENCE,ARS,BAJO
64194,5086,5086,0.14,0.31,0.41,82,IN_PROGRESS,HEALTH,ARS,BAJO
61007,13869,13869,0.09,0.17,0.29,51,IN_PROGRESS,HEALTH,USD,BAJO
83285,14738,14738,0.12,0.27,0.39,57,PENDING_FUNDING,OTHER,USD,BAJO
94885,12521,12521,0.14,0.31,0.41,48,COMPLETED,SCIENCE,ARS,BAJO
24961,14699,14699,0.12,0.3,0.41,67,PENDING_FUNDING,OTHER,CNY,BAJO
13851,12318,12318,0.13,0.31,0.41,72,COMPLETED,HEALTH,ARS,BAJO
61563,5009,5009,0.08,0.18,0.26,59,IN_PROGRESS,HEALTH,CNY,BAJO
52946,9999,9999,0.09,0.17,0.28,80,IN_PROGRESS,HEALTH,ARS,BAJO
76965,5729,5729,0.12,0.23,0.32,90,COMPLETED,TECH,EUR,BAJO
4269,12257,12257,0.09,0.17,0.3,30,PENDING_FUNDING,HEALTH,ARS,BAJO
67275,13076,13076,0.14,0.27,0.45,74,PENDING_FUNDING,HEALTH,ARS,BAJO
43270,5770,5770,0.12,0.23,0.34,41,PENDING_FUNDING,HEALTH,EUR,BAJO
18482,5182,5182,0.14,0.32,0.43,60,PENDING_FUNDING,SCIENCE,EUR,BAJO
23715,7774,7774,0.09,0.17,0.27,69,IN_PROGRESS,SCIENCE,CNY,BAJO
87375,14657,14657,0.14,0.31,0.4,52,COMPLETED,HEALTH,CNY,BAJO
34188,6087,6087,0.14,0.28,0.44,45,COMPLETED,TECH,EUR,BAJO
70688,33473,33473,0.29,0.59,0.73,133,PENDING_FUNDING,OTHER,USD,MEDIO
37124,45182,45182,0.29,0.61,0.89,167,IN_PROGRESS,TECH,ARS,MEDIO
72773,46914,46914,0.28,0.69,0.72,115,PENDING_FUNDING,HEALTH,EUR,MEDIO
47782,47895,47895,0.27,0.56,0.93,148,PENDING_FUNDING,OTHER,USD,MEDIO
97658,39908,39908,0.3,0.6,0.88,122,IN_PROGRESS,HEALTH,CNY,MEDIO
84895,44546,44546,0.21,0.41,0.66,107,IN_PROGRESS,SCIENCE,EUR,MEDIO
63313,21864,21864,0.21,0.51,0.63,140,COMPLETED,SCIENCE,USD,MEDIO
90231,17559,17559,0.17,0.33,0.55,150,COMPLETED,OTHER,CNY,MEDIO
11988,39383,39383,0.27,0.55,0.87,147,COMPLETED,HEALTH,EUR,MEDIO
63516,31702,31702,0.28,0.51,0.8,149,COMPLETED,SCIENCE,ARS,MEDIO
7382,16636,16636,0.28,0.68,0.87,156,COMPLETED,SCIENCE,USD,MEDIO
31002,41315,41315,0.24,0.46,0.79,160,COMPLETED,OTHER,USD,MEDIO
98083,41529,41529,0.25,0.47,0.63,178,COMPLETED,TECH,USD,MEDIO
7541,34441,34441,0.16,0.34,0.42,105,PENDING_FUNDING,OTHER,USD,MEDIO
48419,27867,27867,0.24,0.45,0.78,147,COMPLETED,TECH,CNY,MEDIO
88388,29660,29660,0.27,0.61,0.89,163,COMPLETED,OTHER,EUR,MEDIO
67218,23146,23146,0.24,0.46,0.66,116,PENDING_FUNDING,TECH,USD,MEDIO
68568,38947,38947,0.25,0.59,0.75,155,PENDING_FUNDING,SCIENCE,EUR,MEDIO
92117,32444,32444,0.29,0.7,0.89,144,IN_PROGRESS,SCIENCE,CNY,MEDIO
38659,35114,35114,0.22,0.47,0.63,92,PENDING_FUNDING,OTHER,CNY,MEDIO
36388,27763,27763,0.22,0.4,0.72,166,PENDING_FUNDING,SCIENCE,USD,MEDIO
31598,49713,49713,0.28,0.66,0.93,108,IN_PROGRESS,SCIENCE,USD,MEDIO
46660,47647,47647,0.26,0.51,0.73,127,COMPLETED,SCIENCE,USD,MEDIO
77118,26402,26402,0.2,0.49,0.52,143,IN_PROGRESS,TECH,EUR,MEDIO
40479,30752,30752,0.22,0.44,0.71,175,IN_PROGRESS,OTHER,USD,MEDIO
7172,28439,28439,0.25,0.57,0.74,134,IN_PROGRESS,OTHER,USD,MEDIO
44490,45208,45208,0.24,0.48,0.73,140,PENDING_FUNDING,OTHER,ARS,MEDIO
39761,40458,40458,0.24,0.54,0.6,141,COMPLETED,OTHER,ARS,MEDIO
82947,37807,37807,0.25,0.53,0.8,163,IN_PROGRESS,SCIENCE,EUR,MEDIO
76913,24153,24153,0.18,0.36,0.5,110,IN_PROGRESS,TECH,ARS,MEDIO
52396,17967,17967,0.24,0.59,0.72,137,COMPLETED,SCIENCE,USD,MEDIO
89888,41665,41665,0.18,0.34,0.49,129,PENDING_FUNDING,HEALTH,EUR,MEDIO
24295,33667,33667,0.25,0.51,0.7,150,COMPLETED,OTHER,ARS,MEDIO
39373,42268,42268,0.19,0.39,0.58,121,COMPLETED,HEALTH,USD,MEDIO
12409,36171,36171,0.3,0.7,1.02,139,IN_PROGRESS,TECH,ARS,MEDIO
52608,15137,15137,0.23,0.52,0.78,133,COMPLETED,TECH,CNY,MEDIO
75830,49098,49098,0.26,0.53,0.67,147,PENDING_FUNDING,TECH,ARS,MEDIO
60589,47952,47952,0.26,0.63,0.86,125,COMPLETED,SCIENCE,CNY,MEDIO
62495,20669,20669,0.16,0.37,0.44,135,IN_PROGRESS,SCIENCE,ARS,MEDIO
67330,38858,38858,0.17,0.33,0.48,129,COMPLETED,TECH,ARS,MEDIO
53645,43373,43373,0.29,0.68,0.79,91,COMPLETED,OTHER,USD,MEDIO
52538,45761,45761,0.25,0.58,0.73,91,PENDING_FUNDING,SCIENCE,CNY,MEDIO
40547,49322,49322,0.29,0.61,0.87,180,PENDING_FUNDING,TECH,EUR,MEDIO
78931,28556,28556,0.21,0.47,0.64,150,IN_PROGRESS,SCIENCE,ARS,MEDIO
71676,17164,17164,0.16,0.35,0.56,119,IN_PROGRESS,HEALTH,CNY,MEDIO
91211,21811,21811,0.17,0.38,0.52,161,COMPLETED,HEALTH,ARS,MEDIO
42595,21543,21543,0.26,0.6,0.8,133,IN_PROGRESS,OTHER,CNY,MEDIO
65415,30445,30445,0.22,0.4,0.64,150,COMPLETED,SCIENCE,ARS,MEDIO
98024,16019,16019,0.23,0.57,0.8,110,PENDING_FUNDING,SCIENCE,USD,MEDIO
19712,31328,31328,0.17,0.41,0.53,137,PENDING_FUNDING,TECH,ARS,MEDIO
41623,38589,38589,0.18,0.43,0.47,147,COMPLETED,HEALTH,USD,MEDIO
42985,20789,20789,0.15,0.31,0.49,178,IN_PROGRESS,HEALTH,USD,MEDIO
46996,28421,28421,0.17,0.32,0.55,131,COMPLETED,TECH,ARS,MEDIO
26917,18545,18545,0.28,0.58,0.73,123,PENDING_FUNDING,HEALTH,USD,MEDIO
28772,24542,24542,0.27,0.64,0.75,92,IN_PROGRESS,HEALTH,USD,MEDIO
60254,24058,24058,0.3,0.54,0.8,136,PENDING_FUNDING,OTHER,USD,MEDIO
14981,26044,26044,0.22,0.52,0.59,161,PENDING_FUNDING,SCIENCE,CNY,MEDIO
73893,22120,22120,0.23,0.57,0.61,135,IN_PROGRESS,SCIENCE,ARS,MEDIO
18320,22475,22475,0.22,0.51,0.56,170,PENDING_FUNDING,HEALTH,ARS,MEDIO
61209,27408,27408,0.17,0.41,0.47,100,PENDING_FUNDING,HEALTH,ARS,MEDIO
98986,17564,17564,0.17,0.33,0.58,96,COMPLETED,TECH,ARS,MEDIO
84654,49836,49836,0.27,0.53,0.86,103,IN_PROGRESS,HEALTH,USD,MEDIO
80397,44245,44245,0.28,0.51,0.72,174,COMPLETED,TECH,USD,MEDIO
56264,28909,28909,0.15,0.28,0.46,167,PENDING_FUNDING,TECH,CNY,MEDIO
62534,21536,21536,0.2,0.46,0.54,142,IN_PROGRESS,HEALTH,CNY,MEDIO
20369,22682,22682,0.17,0.4,0.5,177,IN_PROGRESS,SCIENCE,CNY,MEDIO
23629,43471,43471,0.18,0.42,0.62,91,PENDING_FUNDING,OTHER,EUR,MEDIO
75506,15241,15241,0.15,0.31,0.39,166,IN_PROGRESS,TECH,EUR,MEDIO
62147,20904,20904,0.25,0.57,0.77,109,IN_PROGRESS,OTHER,ARS,MEDIO
75882,47238,47238,0.16,0.35,0.43,124,IN_PROGRESS,HEALTH,USD,MEDIO
21386,46815,46815,0.25,0.62,0.71,133,COMPLETED,HEALTH,EUR,MEDIO
23144,23620,23620,0.19,0.42,0.48,107,IN_PROGRESS,TECH,USD,MEDIO
60103,40422,40422,0.16,0.39,0.45,130,PENDING_FUNDING,HEALTH,USD,MEDIO
51473,41917,41917,0.18,0.43,0.54,156,PENDING_FUNDING,SCIENCE,USD,MEDIO
95425,48106,48106,0.17,0.33,0.49,154,IN_PROGRESS,HEALTH,USD,MEDIO
43789,27765,27765,0.25,0.58,0.78,142,IN_PROGRESS,OTHER,EUR,MEDIO
24421,19393,19393,0.19,0.43,0.64,109,IN_PROGRESS,SCIENCE,CNY,MEDIO
94712,44504,44504,0.29,0.54,0.78,97,PENDING_FUNDING,TECH,EUR,MEDIO
93139,45792,45792,0.3,0.64,0.97,142,COMPLETED,HEALTH,EUR,MEDIO
37076,28354,28354,0.16,0.33,0.52,91,IN_PROGRESS,OTHER,CNY,MEDIO
3219,48610,48610,0.19,0.44,0.62,91,IN_PROGRESS,OTHER,ARS,MEDIO
45287,41037,41037,0.15,0.33,0.47,154,COMPLETED,HEALTH,CNY,MEDIO
35286,40679,40679,0.2,0.41,0.57,157,IN_PROGRESS,OTHER,CNY,MEDIO
43350,40277,40277,0.27,0.67,0.69,127,COMPLETED,OTHER,ARS,MEDIO
68352,20848,20848,0.21,0.51,0.57,158,COMPLETED,TECH,EUR,MEDIO
32668,46301,46301,0.23,0.47,0.64,151,IN_PROGRESS,HEALTH,CNY,MEDIO
55823,23419,23419,0.22,0.5,0.62,175,PENDING_FUNDING,TECH,EUR,MEDIO
71245,34747,34747,0.27,0.51,0.73,151,PENDING_FUNDING,SCIENCE,USD,MEDIO
93137,43289,43289,0.19,0.43,0.55,137,COMPLETED,SCIENCE,EUR,MEDIO
25222,31214,31214,0.18,0.37,0.56,136,COMPLETED,OTHER,USD,MEDIO
89569,17492,17492,0.27,0.6,0.72,107,IN_PROGRESS,HEALTH,USD,MEDIO
74643,30555,30555,0.2,0.44,0.63,97,IN_PROGRESS,SCIENCE,CNY,MEDIO
85449,19492,19492,0.18,0.36,0.48,164,IN_PROGRESS,OTHER,CNY,MEDIO
47301,27654,27654,0.23,0.42,0.74,166,IN_PROGRESS,SCIENCE,EUR,MEDIO
36290,44853,44853,0.26,0.64,0.66,133,PENDING_FUNDING,OTHER,ARS,MEDIO
8976,19199,19199,0.23,0.45,0.59,160,IN_PROGRESS,HEALTH,CNY,MEDIO
29404,19882,19882,0.16,0.34,0.51,180,PENDING_FUNDING,HEALTH,EUR,MEDIO
18062,43508,43508,0.17,0.42,0.45,136,IN_PROGRESS,HEALTH,CNY,MEDIO
74531,41368,41368,0.23,0.43,0.78,118,COMPLETED,HEALTH,USD,MEDIO
41409,18873,18873,0.16,0.3,0.51,142,PENDING_FUNDING,SCIENCE,USD,MEDIO
35963,39439,39439,0.26,0.61,0.88,125,IN_PROGRESS,SCIENCE,EUR,MEDIO
30762,39708,39708,0.17,0.31,0.59,107,IN_PROGRESS,TECH,USD,MEDIO
68703,35969,35969,0.16,0.33,0.42,98,IN_PROGRESS,TECH,USD,MEDIO
85964,16580,16580,0.15,0.29,0.38,172,COMPLETED,SCIENCE,USD,MEDIO
39102,41510,41510,0.29,0.64,0.77,145,PENDING_FUNDING,SCIENCE,EUR,MEDIO
59539,17650,17650,0.26,0.57,0.65,173,COMPLETED,TECH,USD,MEDIO
36736,45190,45190,0.24,0.59,0.77,147,COMPLETED,OTHER,CNY,MEDIO
99956,35477,35477,0.24,0.56,0.73,106,IN_PROGRESS,OTHER,USD,MEDIO
74740,21474,21474,0.21,0.4,0.66,134,COMPLETED,HEALTH,ARS,MEDIO
89576,33703,33703,0.27,0.56,0.81,137,PENDING_FUNDING,TECH,EUR,MEDIO
7032,20704,20704,0.19,0.44,0.53,106,COMPLETED,OTHER,ARS,MEDIO
93450,40481,40481,0.21,0.5,0.59,132,IN_PROGRESS,TECH,ARS,MEDIO
18480,29886,29886,0.17,0.32,0.59,101,COMPLETED,SCIENCE,ARS,MEDIO
81090,36645,36645,0.17,0.31,0.56,118,COMPLETED,HEALTH,ARS,MEDIO
23315,49858,49858,0.27,0.63,0.83,165,IN_PROGRESS,OTHER,ARS,MEDIO
27488,49756,49756,0.23,0.57,0.75,96,COMPLETED,SCIENCE,EUR,MEDIO
76860,46479,46479,0.23,0.42,0.72,133,COMPLETED,OTHER,USD,MEDIO
93083,18508,18508,0.16,0.4,0.54,103,COMPLETED,TECH,EUR,MEDIO
69740,34109,34109,0.21,0.44,0.53,157,PENDING_FUNDING,SCIENCE,USD,MEDIO
84592,19577,19577,0.28,0.66,0.88,130,PENDING_FUNDING,HEALTH,CNY,MEDIO
45048,34142,34142,0.23,0.46,0.7,118,PENDING_FUNDING,HEALTH,EUR,MEDIO
96410,17588,17588,0.2,0.36,0.61,121,COMPLETED,HEALTH,EUR,MEDIO
67594,35963,35963,0.21,0.38,0.69,103,COMPLETED,SCIENCE,CNY,MEDIO
80713,17346,17346,0.21,0.39,0.64,178,IN_PROGRESS,SCIENCE,USD,MEDIO
28313,22515,22515,0.15,0.31,0.4,102,IN_PROGRESS,OTHER,ARS,MEDIO
82926,21224,21224,0.19,0.43,0.55,171,PENDING_FUNDING,SCIENCE,USD,MEDIO
69967,45456,45456,0.27,0.66,0.79,95,IN_PROGRESS,HEALTH,USD,MEDIO
38290,40350,40350,0.16,0.39,0.48,168,COMPLETED,TECH,USD,MEDIO
49463,35280,35280,0.19,0.36,0.57,133,COMPLETED,SCIENCE,ARS,MEDIO
51918,29056,29056,0.21,0.44,0.65,121,IN_PROGRESS,HEALTH,USD,MEDIO
81267,28842,28842,0.16,0.36,0.54,133,IN_PROGRESS,OTHER,CNY,MEDIO
80840,23358,23358,0.15,0.36,0.5,120,IN_PROGRESS,OTHER,USD,MEDIO
64746,40962,40962,0.2,0.38,0.65,114,COMPLETED,OTHER,EUR,MEDIO
29311,33191,33191,0.15,0.35,0.4,160,PENDING_FUNDING,TECH,EUR,MEDIO
25505,29808,29808,0.3,0.74,0.78,162,IN_PROGRESS,TECH,EUR,MEDIO
84653,49733,49733,0.17,0.33,0.54,132,IN_PROGRESS,TECH,ARS,MEDIO
47857,33040,33040,0.28,0.59,0.87,175,COMPLETED,OTHER,EUR,MEDIO
55172,39411,39411,0.25,0.59,0.67,148,IN_PROGRESS,OTHER,ARS,MEDIO
2124,48951,48951,0.29,0.65,0.87,113,PENDING_FUNDING,SCIENCE,ARS,MEDIO
10446,22626,22626,0.16,0.31,0.53,124,PENDING_FUNDING,TECH,USD,MEDIO
60991,17871,17871,0.28,0.58,0.9,116,IN_PROGRESS,SCIENCE,USD,MEDIO
95751,35840,35840,0.27,0.63,0.83,159,IN_PROGRESS,TECH,ARS,MEDIO
66607,19839,19839,0.24,0.45,0.84,163,COMPLETED,OTHER,CNY,MEDIO
41994,34579,34579,0.28,0.66,0.77,115,PENDING_FUNDING,OTHER,CNY,MEDIO
61381,24461,24461,0.2,0.5,0.66,137,COMPLETED,TECH,EUR,MEDIO
47480,43574,43574,0.21,0.41,0.53,175,IN_PROGRESS,TECH,ARS,MEDIO
79691,15332,15332,0.19,0.45,0.57,107,IN_PROGRESS,SCIENCE,USD,MEDIO
2114,20679,20679,0.24,0.57,0.65,168,COMPLETED,OTHER,EUR,MEDIO
72522,24758,24758,0.29,0.63,0.96,107,COMPLETED,TECH,EUR,MEDIO
24152,33196,33196,0.27,0.62,0.74,140,PENDING_FUNDING,SCIENCE,ARS,MEDIO
51945,21296,21296,0.22,0.46,0.71,117,PENDING_FUNDING,OTHER,EUR,MEDIO
22231,23095,23095,0.2,0.45,0.66,127,COMPLETED,SCIENCE,ARS,MEDIO
96289,31456,31456,0.22,0.4,0.73,105,PENDING_FUNDING,HEALTH,EUR,MEDIO
98898,49454,49454,0.22,0.49,0.71,176,IN_PROGRESS,TECH,CNY,MEDIO
90026,39996,39996,0.26,0.58,0.8,150,PENDING_FUNDING,OTHER,EUR,MEDIO
28903,20201,20201,0.25,0.47,0.82,93,IN_PROGRESS,TECH,ARS,MEDIO
44146,28889,28889,0.27,0.58,0.88,134,PENDING_FUNDING,OTHER,USD,MEDIO
89123,20239,20239,0.28,0.52,0.96,156,COMPLETED,HEALTH,CNY,MEDIO
31471,22153,22153,0.26,0.64,0.78,150,COMPLETED,TECH,EUR,MEDIO
60544,26327,26327,0.29,0.71,0.97,105,PENDING_FUNDING,HEALTH,EUR,MEDIO
28672,37509,37509,0.26,0.53,0.76,109,PENDING_FUNDING,HEALTH,EUR,MEDIO
55403,28402,28402,0.29,0.67,0.92,100,PENDING_FUNDING,SCIENCE,CNY,MEDIO
87977,39688,39688,0.24,0.56,0.72,138,COMPLETED,TECH,EUR,MEDIO
62272,38872,38872,0.29,0.7,0.93,137,PENDING_FUNDING,OTHER,CNY,MEDIO
95738,44979,44979,0.21,0.43,0.67,180,COMPLETED,OTHER,USD,MEDIO
53465,33994,33994,0.27,0.57,0.74,162,COMPLETED,OTHER,ARS,MEDIO
72045,42609,42609,0.16,0.29,0.51,136,COMPLETED,SCIENCE,USD,MEDIO
84205,38007,38007,0.2,0.38,0.59,107,IN_PROGRESS,TECH,USD,MEDIO
69101,22092,22092,0.2,0.38,0.56,158,COMPLETED,HEALTH,USD,MEDIO
25364,44411,44411,0.3,0.57,0.92,114,IN_PROGRESS,TECH,CNY,MEDIO
91663,32911,32911,0.17,0.32,0.52,109,IN_PROGRESS,TECH,USD,MEDIO
31254,15869,15869,0.24,0.46,0.69,175,IN_PROGRESS,SCIENCE,CNY,MEDIO
59452,49078,49078,0.17,0.42,0.57,178,IN_PROGRESS,TECH,ARS,MEDIO
64892,40162,40162,0.21,0.38,0.61,155,COMPLETED,HEALTH,CNY,MEDIO
21260,30034,30034,0.18,0.42,0.63,139,PENDING_FUNDING,OTHER,USD,MEDIO
7091,24947,24947,0.21,0.52,0.71,99,COMPLETED,HEALTH,ARS,MEDIO
18567,20094,20094,0.23,0.53,0.72,120,IN_PROGRESS,HEALTH,CNY,MEDIO
73087,31609,31609,0.22,0.48,0.73,140,PENDING_FUNDING,TECH,USD,MEDIO
24202,42905,42905,0.15,0.37,0.52,141,COMPLETED,OTHER,EUR,MEDIO
79566,26030,26030,0.24,0.59,0.84,120,COMPLETED,HEALTH,EUR,MEDIO
1296,44107,44107,0.28,0.67,0.72,121,COMPLETED,OTHER,CNY,MEDIO
1118,32703,32703,0.26,0.55,0.83,168,COMPLETED,OTHER,EUR,MEDIO
68007,30894,30894,0.27,0.59,0.94,142,COMPLETED,HEALTH,CNY,MEDIO
61310,28904,28904,0.25,0.5,0.72,119,COMPLETED,TECH,EUR,MEDIO
4996,25914,25914,0.19,0.42,0.58,168,COMPLETED,TECH,EUR,MEDIO
84587,28894,28894,0.25,0.57,0.69,146,PENDING_FUNDING,HEALTH,USD,MEDIO
89932,39665,39665,0.23,0.43,0.77,174,PENDING_FUNDING,HEALTH,CNY,MEDIO
70434,23419,23419,0.25,0.6,0.65,144,PENDING_FUNDING,OTHER,EUR,MEDIO
49190,32626,32626,0.27,0.52,0.91,103,PENDING_FUNDING,OTHER,CNY,MEDIO
40679,32678,32678,0.17,0.41,0.58,106,IN_PROGRESS,SCIENCE,USD,MEDIO
92985,21428,21428,0.27,0.53,0.81,122,COMPLETED,SCIENCE,CNY,MEDIO
73669,45096,45096,0.15,0.3,0.38,178,COMPLETED,HEALTH,USD,MEDIO
11631,32267,32267,0.18,0.39,0.5,118,COMPLETED,TECH,CNY,MEDIO
13559,24627,24627,0.19,0.44,0.62,153,PENDING_FUNDING,HEALTH,ARS,MEDIO
99845,27207,27207,0.3,0.69,0.91,174,PENDING_FUNDING,HEALTH,EUR,MEDIO
85201,26918,26918,0.16,0.34,0.5,107,IN_PROGRESS,TECH,EUR,MEDIO
48287,34105,34105,0.21,0.48,0.54,171,IN_PROGRESS,TECH,ARS,MEDIO
58731,15666,15666,0.27,0.58,0.9,180,PENDING_FUNDING,TECH,USD,MEDIO
97449,41585,41585,0.16,0.38,0.47,121,IN_PROGRESS,OTHER,USD,MEDIO
16304,18708,18708,0.26,0.53,0.85,135,IN_PROGRESS,TECH,EUR,MEDIO
19933,41411,41411,0.2,0.37,0.64,167,IN_PROGRESS,OTHER,ARS,MEDIO
76293,42830,42830,0.21,0.39,0.63,134,IN_PROGRESS,SCIENCE,ARS,MEDIO
58960,36657,36657,0.22,0.44,0.68,99,PENDING_FUNDING,OTHER,EUR,MEDIO
32371,24370,24370,0.26,0.58,0.77,169,IN_PROGRESS,HEALTH,EUR,MEDIO
54633,18174,18174,0.23,0.55,0.76,99,IN_PROGRESS,OTHER,USD,MEDIO
36693,37630,37630,0.16,0.36,0.41,115,COMPLETED,SCIENCE,EUR,MEDIO
45122,17710,17710,0.29,0.67,0.82,157,PENDING_FUNDING,HEALTH,USD,MEDIO
54102,22545,22545,0.24,0.55,0.67,145,PENDING_FUNDING,HEALTH,EUR,MEDIO
14967,16401,16401,0.22,0.42,0.69,158,PENDING_FUNDING,SCIENCE,CNY,MEDIO
8689,27438,27438,0.25,0.58,0.73,149,IN_PROGRESS,TECH,EUR,MEDIO
54902,38382,38382,0.19,0.34,0.62,117,COMPLETED,OTHER,CNY,MEDIO
68978,34455,34455,0.16,0.32,0.44,95,IN_PROGRESS,SCIENCE,USD,MEDIO
39079,41467,41467,0.15,0.3,0.44,166,PENDING_FUNDING,TECH,CNY,MEDIO
48835,19513,19513,0.22,0.41,0.66,106,IN_PROGRESS,OTHER,CNY,MEDIO
34412,46593,46593,0.3,0.56,0.85,146,PENDING_FUNDING,TECH,USD,MEDIO
74045,32409,32409,0.21,0.52,0.59,124,COMPLETED,TECH,EUR,MEDIO
57391,47632,47632,0.17,0.4,0.46,98,PENDING_FUNDING,TECH,CNY,MEDIO
44489,45641,45641,0.16,0.35,0.53,137,IN_PROGRESS,HEALTH,CNY,MEDIO
19632,17800,17800,0.18,0.44,0.56,102,IN_PROGRESS,TECH,USD,MEDIO
71165,37216,37216,0.25,0.55,0.79,112,COMPLETED,OTHER,ARS,MEDIO
43469,43035,43035,0.23,0.51,0.69,129,PENDING_FUNDING,SCIENCE,CNY,MEDIO
1182,28322,28322,0.3,0.73,1.04,151,PENDING_FUNDING,TECH,ARS,MEDIO
22505,22810,22810,0.17,0.32,0.58,177,COMPLETED,SCIENCE,ARS,MEDIO
56123,29905,29905,0.15,0.34,0.47,145,COMPLETED,OTHER,EUR,MEDIO
47721,49348,49348,0.22,0.49,0.62,115,COMPLETED,SCIENCE,EUR,MEDIO
26383,40865,40865,0.25,0.58,0.69,136,PENDING_FUNDING,OTHER,EUR,MEDIO
71519,33595,33595,0.28,0.56,0.92,94,PENDING_FUNDING,HEALTH,CNY,MEDIO
80102,41816,41816,0.25,0.56,0.78,105,PENDING_FUNDING,HEALTH,CNY,MEDIO
16487,18140,18140,0.15,0.33,0.42,145,COMPLETED,HEALTH,EUR,MEDIO
54064,49778,49778,0.19,0.4,0.48,110,PENDING_FUNDING,TECH,USD,MEDIO
52481,43431,43431,0.2,0.44,0.67,100,IN_PROGRESS,SCIENCE,CNY,MEDIO
77650,44666,44666,0.21,0.38,0.66,162,IN_PROGRESS,TECH,CNY,MEDIO
67570,28877,28877,0.29,0.54,0.99,138,COMPLETED,OTHER,USD,MEDIO
66998,29306,29306,0.25,0.52,0.72,128,IN_PROGRESS,HEALTH,USD,MEDIO
7210,45956,45956,0.24,0.49,0.81,175,PENDING_FUNDING,HEALTH,ARS,MEDIO
20386,32353,32353,0.26,0.61,0.81,103,PENDING_FUNDING,TECH,ARS,MEDIO
79275,24306,24306,0.27,0.54,0.73,159,COMPLETED,OTHER,EUR,MEDIO
3742,47457,47457,0.2,0.49,0.6,98,COMPLETED,TECH,USD,MEDIO
92683,21767,21767,0.17,0.33,0.44,122,IN_PROGRESS,SCIENCE,ARS,MEDIO
39429,44616,44616,0.23,0.5,0.71,141,PENDING_FUNDING,OTHER,ARS,MEDIO
82333,20340,20340,0.28,0.6,0.86,170,IN_PROGRESS,HEALTH,USD,MEDIO
92710,23733,23733,0.15,0.31,0.48,118,IN_PROGRESS,TECH,CNY,MEDIO
66145,42831,42831,0.23,0.44,0.8,146,PENDING_FUNDING,HEALTH,EUR,MEDIO
17758,43952,43952,0.26,0.6,0.79,124,COMPLETED,OTHER,ARS,MEDIO
41490,38842,38842,0.25,0.55,0.73,141,PENDING_FUNDING,SCIENCE,EUR,MEDIO
12899,20883,20883,0.25,0.48,0.68,153,PENDING_FUNDING,OTHER,USD,MEDIO
36423,42660,42660,0.3,0.7,0.85,105,PENDING_FUNDING,TECH,EUR,MEDIO
22962,21587,21587,0.21,0.5,0.67,166,COMPLETED,OTHER,ARS,MEDIO
28910,17231,17231,0.22,0.45,0.68,175,IN_PROGRESS,TECH,EUR,MEDIO
1788,39974,39974,0.27,0.67,0.74,174,IN_PROGRESS,SCIENCE,USD,MEDIO
13502,27661,27661,0.29,0.64,0.76,100,COMPLETED,SCIENCE,EUR,MEDIO
99179,39733,39733,0.24,0.59,0.81,130,COMPLETED,SCIENCE,USD,MEDIO
4921,24302,24302,0.19,0.39,0.61,120,IN_PROGRESS,SCIENCE,EUR,MEDIO
22472,32931,32931,0.19,0.4,0.49,147,PENDING_FUNDING,TECH,USD,MEDIO
60594,48542,48542,0.27,0.56,0.76,120,COMPLETED,TECH,CNY,MEDIO
70689,33000,33000,0.26,0.5,0.73,172,PENDING_FUNDING,SCIENCE,CNY,MEDIO
33364,19720,19720,0.25,0.59,0.76,147,PENDING_FUNDING,HEALTH,EUR,MEDIO
10323,47234,47234,0.27,0.58,0.8,125,IN_PROGRESS,SCIENCE,CNY,MEDIO
16715,35691,35691,0.25,0.51,0.66,95,PENDING_FUNDING,TECH,ARS,MEDIO
38989,45062,45062,0.18,0.44,0.59,148,COMPLETED,OTHER,USD,MEDIO
1528,48151,48151,0.23,0.46,0.64,172,IN_PROGRESS,TECH,EUR,MEDIO
49614,33464,33464,0.24,0.45,0.71,100,COMPLETED,OTHER,USD,MEDIO
87763,37628,37628,0.25,0.61,0.77,146,COMPLETED,HEALTH,EUR,MEDIO
48977,19977,19977,0.21,0.39,0.57,162,PENDING_FUNDING,TECH,EUR,MEDIO
50306,34462,34462,0.17,0.42,0.52,151,IN_PROGRESS,OTHER,CNY,MEDIO
20520,44079,44079,0.19,0.36,0.6,180,PENDING_FUNDING,SCIENCE,EUR,MEDIO
6438,34530,34530,0.18,0.41,0.48,116,COMPLETED,OTHER,CNY,MEDIO
57613,48955,48955,0.25,0.58,0.7,178,IN_PROGRESS,HEALTH,CNY,MEDIO
83198,31126,31126,0.24,0.47,0.67,91,COMPLETED,TECH,EUR,MEDIO
57026,38112,38112,0.25,0.62,0.69,167,COMPLETED,OTHER,CNY,MEDIO
67822,20349,20349,0.21,0.49,0.58,106,COMPLETED,HEALTH,USD,MEDIO
93712,17923,17923,0.16,0.33,0.48,127,IN_PROGRESS,TECH,ARS,MEDIO
36481,45270,45270,0.25,0.45,0.67,180,PENDING_FUNDING,OTHER,USD,MEDIO
80257,15678,15678,0.21,0.46,0.7,145,IN_PROGRESS,SCIENCE,USD,MEDIO
8325,38022,38022,0.22,0.52,0.55,103,PENDING_FUNDING,HEALTH,EUR,MEDIO
33647,23740,23740,0.16,0.29,0.54,144,IN_PROGRESS,TECH,ARS,MEDIO
28805,36660,36660,0.21,0.47,0.62,137,PENDING_FUNDING,TECH,CNY,MEDIO
77007,43141,43141,0.17,0.35,0.58,111,COMPLETED,SCIENCE,ARS,MEDIO
36581,42194,42194,0.21,0.45,0.72,139,COMPLETED,OTHER,CNY,MEDIO
3243,38942,38942,0.3,0.73,0.97,151,IN_PROGRESS,HEALTH,USD,MEDIO
9183,24764,24764,0.2,0.5,0.55,92,COMPLETED,SCIENCE,EUR,MEDIO
1563,42016,42016,0.28,0.64,0.88,146,COMPLETED,TECH,ARS,MEDIO
61492,38520,38520,0.27,0.49,0.75,110,COMPLETED,SCIENCE,ARS,MEDIO
52838,25737,25737,0.28,0.63,0.9,167,COMPLETED,TECH,EUR,MEDIO
3805,45824,45824,0.24,0.46,0.81,116,IN_PROGRESS,HEALTH,CNY,MEDIO
69025,31517,31517,0.28,0.67,0.91,176,IN_PROGRESS,SCIENCE,USD,MEDIO
44446,20363,20363,0.17,0.41,0.59,93,PENDING_FUNDING,TECH,USD,MEDIO
65091,31212,31212,0.26,0.61,0.74,141,COMPLETED,TECH,EUR,MEDIO
6637,49266,49266,0.17,0.36,0.59,141,PENDING_FUNDING,SCIENCE,USD,MEDIO
65317,49982,49982,0.16,0.29,0.44,152,IN_PROGRESS,HEALTH,EUR,MEDIO
32895,41043,41043,0.17,0.32,0.44,151,PENDING_FUNDING,OTHER,USD,MEDIO
3758,29827,29827,0.25,0.54,0.7,102,IN_PROGRESS,TECH,EUR,MEDIO
46606,33606,33606,0.27,0.66,0.88,135,COMPLETED,SCIENCE,CNY,MEDIO
36198,21374,21374,0.24,0.59,0.66,173,COMPLETED,HEALTH,CNY,MEDIO
16026,33433,33433,0.22,0.4,0.6,175,IN_PROGRESS,SCIENCE,CNY,MEDIO
5095,32400,32400,0.22,0.43,0.7,98,IN_PROGRESS,HEALTH,ARS,MEDIO
53469,42600,42600,0.28,0.53,0.87,146,IN_PROGRESS,HEALTH,ARS,MEDIO
36856,26832,26832,0.18,0.4,0.46,105,COMPLETED,SCIENCE,CNY,MEDIO
17061,42948,42948,0.17,0.31,0.59,120,PENDING_FUNDING,OTHER,EUR,MEDIO
84130,31391,31391,0.17,0.35,0.51,117,PENDING_FUNDING,HEALTH,USD,MEDIO
59417,70577,70577,0.36,0.86,0.9,202,PENDING_FUNDING,OTHER,EUR,ALTO
75514,99259,99259,0.41,0.88,1.37,398,IN_PROGRESS,TECH,ARS,ALTO
56222,59981,59981,0.35,0.69,0.93,311,IN_PROGRESS,HEALTH,EUR,ALTO
57988,77528,77528,0.54,1.01,1.6,322,PENDING_FUNDING,HEALTH,USD,ALTO
2329,58425,58425,0.51,1.19,1.76,267,PENDING_FUNDING,TECH,ARS,ALTO
56032,75601,75601,0.48,1.08,1.28,300,COMPLETED,OTHER,EUR,ALTO
86602,69816,69816,0.41,0.89,1.37,223,IN_PROGRESS,SCIENCE,USD,ALTO
49336,71605,71605,0.42,0.89,1.39,362,COMPLETED,HEALTH,USD,ALTO
71292,66434,66434,0.53,0.97,1.76,331,COMPLETED,OTHER,USD,ALTO
43669,52618,52618,0.5,1.23,1.57,299,COMPLETED,OTHER,EUR,ALTO
16133,89641,89641,0.49,1.06,1.52,187,COMPLETED,SCIENCE,ARS,ALTO
63013,80417,80417,0.39,0.96,1.27,194,PENDING_FUNDING,HEALTH,EUR,ALTO
99439,71823,71823,0.32,0.62,0.8,262,IN_PROGRESS,TECH,CNY,ALTO
35962,94408,94408,0.44,1.05,1.39,306,IN_PROGRESS,SCIENCE,CNY,ALTO
93987,50673,50673,0.52,1.05,1.73,284,PENDING_FUNDING,OTHER,EUR,ALTO
54075,98709,98709,0.34,0.64,1.08,329,COMPLETED,SCIENCE,USD,ALTO
33337,79368,79368,0.42,0.89,1.26,370,IN_PROGRESS,HEALTH,CNY,ALTO
45821,75584,75584,0.5,0.97,1.34,361,PENDING_FUNDING,TECH,CNY,ALTO
58550,50017,50017,0.54,1.13,1.78,337,COMPLETED,OTHER,CNY,ALTO
99415,86566,86566,0.54,1.27,1.7,221,IN_PROGRESS,HEALTH,USD,ALTO
46458,58246,58246,0.42,0.81,1.31,322,PENDING_FUNDING,OTHER,USD,ALTO
66241,91931,91931,0.32,0.74,1.11,206,COMPLETED,TECH,CNY,ALTO
66403,54420,54420,0.3,0.59,0.82,342,PENDING_FUNDING,TECH,USD,ALTO
63114,68142,68142,0.36,0.7,1.09,388,IN_PROGRESS,OTHER,ARS,ALTO
24879,92045,92045,0.45,0.94,1.37,217,COMPLETED,SCIENCE,USD,ALTO
30961,79702,79702,0.33,0.77,0.99,329,COMPLETED,HEALTH,EUR,ALTO
45619,82538,82538,0.55,1.12,1.49,221,PENDING_FUNDING,SCIENCE,EUR,ALTO
63380,94223,94223,0.41,0.88,1.06,290,PENDING_FUNDING,SCIENCE,EUR,ALTO
25843,56173,56173,0.52,1.04,1.51,331,PENDING_FUNDING,OTHER,CNY,ALTO
92499,98635,98635,0.36,0.81,1.03,395,COMPLETED,TECH,CNY,ALTO
38012,55497,55497,0.37,0.67,1.29,296,PENDING_FUNDING,HEALTH,EUR,ALTO
95706,61644,61644,0.44,0.85,1.23,209,IN_PROGRESS,SCIENCE,CNY,ALTO
85890,60780,60780,0.59,1.07,1.74,281,PENDING_FUNDING,OTHER,EUR,ALTO
74989,51215,51215,0.48,1.03,1.53,355,COMPLETED,HEALTH,CNY,ALTO
3694,50341,50341,0.57,1.23,1.8,231,IN_PROGRESS,SCIENCE,EUR,ALTO
32144,77811,77811,0.32,0.65,1.11,337,PENDING_FUNDING,SCIENCE,EUR,ALTO
10007,88912,88912,0.49,1.11,1.65,191,IN_PROGRESS,SCIENCE,USD,ALTO
65989,70057,70057,0.5,1.02,1.64,385,PENDING_FUNDING,OTHER,USD,ALTO
38465,55115,55115,0.4,0.81,1.37,390,IN_PROGRESS,TECH,ARS,ALTO
59807,53454,53454,0.58,1.06,1.69,369,PENDING_FUNDING,HEALTH,EUR,ALTO
15759,57318,57318,0.32,0.62,0.98,344,PENDING_FUNDING,SCIENCE,EUR,ALTO
38675,73065,73065,0.55,1.02,1.8,350,COMPLETED,TECH,EUR,ALTO
70959,65714,65714,0.5,1.2,1.29,388,COMPLETED,TECH,CNY,ALTO
15902,88859,88859,0.41,0.99,1.11,255,IN_PROGRESS,OTHER,USD,ALTO
80878,57609,57609,0.37,0.77,1.17,188,COMPLETED,HEALTH,ARS,ALTO
20347,61212,61212,0.56,1.29,1.94,344,IN_PROGRESS,OTHER,CNY,ALTO
83286,88866,88866,0.54,0.99,1.59,272,IN_PROGRESS,OTHER,USD,ALTO
54827,91727,91727,0.56,1.2,1.85,201,IN_PROGRESS,TECH,USD,ALTO
44192,57299,57299,0.34,0.71,0.98,383,PENDING_FUNDING,SCIENCE,CNY,ALTO
23523,94971,94971,0.37,0.86,0.93,365,PENDING_FUNDING,OTHER,USD,ALTO
40509,75779,75779,0.52,1.03,1.46,212,PENDING_FUNDING,OTHER,EUR,ALTO
60934,51722,51722,0.42,0.89,1.27,216,COMPLETED,OTHER,ARS,ALTO
82246,80888,80888,0.56,1.18,1.75,217,IN_PROGRESS,SCIENCE,USD,ALTO
78260,71648,71648,0.52,1.19,1.4,203,IN_PROGRESS,HEALTH,EUR,ALTO
1982,79302,79302,0.55,1.14,1.57,276,PENDING_FUNDING,SCIENCE,ARS,ALTO
13429,50286,50286,0.38,0.74,0.99,217,IN_PROGRESS,TECH,USD,ALTO
41175,77924,77924,0.51,1.05,1.36,195,IN_PROGRESS,HEALTH,CNY,ALTO
15148,52902,52902,0.46,1.06,1.56,190,IN_PROGRESS,OTHER,USD,ALTO
32588,78188,78188,0.51,1.22,1.57,266,IN_PROGRESS,TECH,USD,ALTO
55993,72171,72171,0.45,0.97,1.49,270,COMPLETED,SCIENCE,ARS,ALTO
45101,59656,59656,0.56,1.07,1.62,263,IN_PROGRESS,HEALTH,ARS,ALTO
4480,90940,90940,0.51,0.93,1.32,300,COMPLETED,SCIENCE,USD,ALTO
13276,97413,97413,0.33,0.63,0.93,338,COMPLETED,TECH,EUR,ALTO
52400,87786,87786,0.3,0.64,1.01,326,IN_PROGRESS,SCIENCE,CNY,ALTO
57637,61293,61293,0.51,0.92,1.31,272,IN_PROGRESS,SCIENCE,EUR,ALTO
62211,57517,57517,0.55,1.18,1.65,366,PENDING_FUNDING,OTHER,CNY,ALTO
85916,67088,67088,0.34,0.78,0.89,189,IN_PROGRESS,SCIENCE,USD,ALTO
68595,95971,95971,0.52,0.98,1.47,192,PENDING_FUNDING,OTHER,USD,ALTO
94673,90212,90212,0.47,1.1,1.64,210,PENDING_FUNDING,SCIENCE,USD,ALTO
80294,57865,57865,0.52,1.14,1.79,296,COMPLETED,OTHER,CNY,ALTO
23399,90103,90103,0.55,1.3,1.84,326,PENDING_FUNDING,TECH,USD,ALTO
38154,68230,68230,0.35,0.64,0.91,222,IN_PROGRESS,OTHER,ARS,ALTO
74063,62118,62118,0.33,0.82,1.0,280,IN_PROGRESS,HEALTH,CNY,ALTO
10680,61885,61885,0.4,0.83,1.19,320,COMPLETED,TECH,USD,ALTO
67321,75488,75488,0.5,1.1,1.43,280,PENDING_FUNDING,OTHER,USD,ALTO
81178,75565,75565,0.43,0.81,1.36,188,IN_PROGRESS,TECH,CNY,ALTO
12649,91934,91934,0.32,0.58,1.04,320,IN_PROGRESS,HEALTH,EUR,ALTO
36390,93519,93519,0.39,0.89,1.09,348,PENDING_FUNDING,OTHER,EUR,ALTO
80853,56118,56118,0.43,1.06,1.25,256,IN_PROGRESS,TECH,CNY,ALTO
6523,87972,87972,0.51,1.07,1.35,295,COMPLETED,OTHER,USD,ALTO
30506,57834,57834,0.47,0.95,1.58,342,PENDING_FUNDING,TECH,USD,ALTO
72143,54491,54491,0.33,0.81,0.97,297,COMPLETED,TECH,CNY,ALTO
90891,51235,51235,0.54,1.2,1.44,194,IN_PROGRESS,SCIENCE,CNY,ALTO
91089,88621,88621,0.54,1.19,1.57,260,IN_PROGRESS,TECH,ARS,ALTO
96713,85842,85842,0.39,0.9,1.17,400,IN_PROGRESS,HEALTH,ARS,ALTO
7591,91421,91421,0.5,1.06,1.43,265,PENDING_FUNDING,SCIENCE,ARS,ALTO
91203,64838,64838,0.42,0.83,1.1,257,COMPLETED,OTHER,CNY,ALTO
86267,81610,81610,0.58,1.44,1.89,234,PENDING_FUNDING,HEALTH,CNY,ALTO
33188,81644,81644,0.5,1.17,1.35,199,PENDING_FUNDING,OTHER,USD,ALTO
17021,77858,77858,0.32,0.8,0.87,376,PENDING_FUNDING,TECH,CNY,ALTO
34877,50218,50218,0.59,1.18,1.73,280,IN_PROGRESS,TECH,EUR,ALTO
65673,82952,82952,0.31,0.64,1.03,400,PENDING_FUNDING,TECH,ARS,ALTO
23528,63203,63203,0.57,1.38,1.93,234,COMPLETED,SCIENCE,USD,ALTO
40212,74812,74812,0.42,0.93,1.17,277,COMPLETED,HEALTH,CNY,ALTO
46890,69014,69014,0.5,1.09,1.51,337,PENDING_FUNDING,OTHER,USD,ALTO
92436,91845,91845,0.43,1.07,1.13,314,IN_PROGRESS,SCIENCE,ARS,ALTO
11017,94872,94872,0.32,0.7,1.05,194,COMPLETED,OTHER,ARS,ALTO
67363,98372,98372,0.59,1.17,1.61,355,COMPLETED,HEALTH,EUR,ALTO
57049,79687,79687,0.49,1.09,1.64,198,PENDING_FUNDING,SCIENCE,ARS,ALTO
69445,57630,57630,0.4,0.97,1.18,196,COMPLETED,HEALTH,EUR,ALTO
24625,78929,78929,0.46,1.06,1.18,236,IN_PROGRESS,OTHER,EUR,ALTO
68914,83340,83340,0.46,1.02,1.53,398,COMPLETED,OTHER,USD,ALTO
62617,80871,80871,0.47,1.13,1.31,399,IN_PROGRESS,SCIENCE,ARS,ALTO
48425,53003,53003,0.34,0.75,0.98,344,COMPLETED,OTHER,CNY,ALTO
77824,67266,67266,0.41,0.93,1.17,374,PENDING_FUNDING,TECH,EUR,ALTO
66961,86407,86407,0.46,0.94,1.28,365,IN_PROGRESS,SCIENCE,CNY,ALTO
14169,81252,81252,0.53,1.22,1.76,264,COMPLETED,HEALTH,EUR,ALTO
23343,53698,53698,0.34,0.69,1.0,240,IN_PROGRESS,OTHER,ARS,ALTO
38921,93249,93249,0.46,0.89,1.32,271,IN_PROGRESS,OTHER,USD,ALTO
57621,64652,64652,0.32,0.76,1.03,241,IN_PROGRESS,HEALTH,ARS,ALTO
60251,96432,96432,0.6,1.46,1.75,227,COMPLETED,OTHER,ARS,ALTO
44924,94467,94467,0.32,0.66,0.92,380,IN_PROGRESS,TECH,USD,ALTO
67957,66549,66549,0.43,0.95,1.45,231,IN_PROGRESS,HEALTH,ARS,ALTO
68445,77929,77929,0.41,0.96,1.32,220,PENDING_FUNDING,OTHER,EUR,ALTO
62044,59278,59278,0.5,0.94,1.37,374,COMPLETED,HEALTH,ARS,ALTO
32590,83194,83194,0.38,0.72,1.11,338,IN_PROGRESS,SCIENCE,CNY,ALTO
98818,91621,91621,0.44,0.86,1.29,365,COMPLETED,TECH,USD,ALTO
7666,80935,80935,0.42,1.02,1.07,285,IN_PROGRESS,SCIENCE,EUR,ALTO
36679,51570,51570,0.42,0.92,1.36,302,COMPLETED,OTHER,EUR,ALTO
19593,64190,64190,0.44,0.95,1.4,196,PENDING_FUNDING,OTHER,ARS,ALTO
76275,69112,69112,0.36,0.68,1.01,183,PENDING_FUNDING,SCIENCE,ARS,ALTO
61831,78177,78177,0.32,0.74,0.96,250,IN_PROGRESS,TECH,CNY,ALTO
35336,95379,95379,0.57,1.08,1.77,376,IN_PROGRESS,TECH,EUR,ALTO
17543,56466,56466,0.32,0.71,1.0,206,IN_PROGRESS,HEALTH,CNY,ALTO
78806,86634,86634,0.33,0.66,1.07,325,COMPLETED,OTHER,USD,ALTO
54527,95772,95772,0.56,1.05,1.55,395,COMPLETED,TECH,EUR,ALTO
68892,61129,61129,0.38,0.87,1.24,186,PENDING_FUNDING,SCIENCE,ARS,ALTO
28420,53548,53548,0.55,1.04,1.78,350,COMPLETED,OTHER,CNY,ALTO
96755,84083,84083,0.55,1.05,1.79,370,PENDING_FUNDING,HEALTH,ARS,ALTO
40841,55611,55611,0.4,0.86,1.36,198,IN_PROGRESS,HEALTH,EUR,ALTO
80137,81425,81425,0.32,0.77,0.87,373,COMPLETED,HEALTH,ARS,ALTO
29292,58702,58702,0.56,1.28,1.53,310,COMPLETED,TECH,CNY,ALTO
74773,63898,63898,0.56,1.21,1.65,183,IN_PROGRESS,SCIENCE,CNY,ALTO
28999,58959,58959,0.46,0.99,1.46,212,PENDING_FUNDING,HEALTH,CNY,ALTO
97278,86495,86495,0.58,1.05,1.56,393,COMPLETED,OTHER,USD,ALTO
12023,85936,85936,0.44,0.89,1.28,360,COMPLETED,OTHER,EUR,ALTO
28400,82131,82131,0.5,1.15,1.74,341,IN_PROGRESS,TECH,USD,ALTO
66194,92216,92216,0.36,0.81,0.98,205,IN_PROGRESS,SCIENCE,CNY,ALTO
74448,82974,82974,0.35,0.82,0.89,257,PENDING_FUNDING,TECH,USD,ALTO
36477,89573,89573,0.48,0.92,1.59,196,COMPLETED,HEALTH,CNY,ALTO
46989,80879,80879,0.39,0.89,1.34,227,COMPLETED,OTHER,ARS,ALTO
41296,67203,67203,0.34,0.61,0.87,227,COMPLETED,TECH,CNY,ALTO
51954,73614,73614,0.52,1.22,1.33,258,IN_PROGRESS,HEALTH,CNY,ALTO
82726,55164,55164,0.31,0.75,1.05,354,IN_PROGRESS,TECH,USD,ALTO
93756,65380,65380,0.34,0.77,0.87,337,COMPLETED,TECH,ARS,ALTO
78095,54086,54086,0.31,0.58,0.9,231,IN_PROGRESS,OTHER,CNY,ALTO
72906,89121,89121,0.36,0.72,1.19,299,IN_PROGRESS,TECH,CNY,ALTO
22027,50199,50199,0.4,0.97,1.14,357,COMPLETED,TECH,ARS,ALTO
71055,65990,65990,0.54,1.24,1.59,288,IN_PROGRESS,TECH,CNY,ALTO
20931,83735,83735,0.47,1.15,1.33,287,PENDING_FUNDING,HEALTH,ARS,ALTO
90496,92868,92868,0.31,0.64,0.88,265,COMPLETED,SCIENCE,ARS,ALTO
97643,53411,53411,0.44,0.96,1.43,235,COMPLETED,SCIENCE,USD,ALTO
17951,53296,53296,0.37,0.7,1.09,341,PENDING_FUNDING,HEALTH,ARS,ALTO
56534,66053,66053,0.34,0.8,1.13,269,IN_PROGRESS,OTHER,CNY,ALTO
41422,57207,57207,0.46,0.99,1.54,394,COMPLETED,OTHER,EUR,ALTO
86941,95577,95577,0.38,0.74,1.22,234,PENDING_FUNDING,OTHER,CNY,ALTO
67592,93571,93571,0.44,0.95,1.4,309,IN_PROGRESS,HEALTH,EUR,ALTO
81716,53156,53156,0.52,1.11,1.62,323,COMPLETED,OTHER,CNY,ALTO
97344,54553,54553,0.49,1.04,1.3,247,IN_PROGRESS,TECH,ARS,ALTO
88324,62528,62528,0.36,0.79,1.01,353,COMPLETED,TECH,USD,ALTO
90750,53804,53804,0.6,1.32,1.84,295,COMPLETED,OTHER,USD,ALTO
20256,87180,87180,0.43,0.9,1.15,286,PENDING_FUNDING,TECH,CNY,ALTO
38369,50435,50435,0.46,0.84,1.2,225,COMPLETED,SCIENCE,ARS,ALTO
12749,84252,84252,0.57,1.3,1.66,353,IN_PROGRESS,TECH,ARS,ALTO
2247,50988,50988,0.56,1.32,1.79,337,IN_PROGRESS,OTHER,USD,ALTO
91854,98405,98405,0.49,0.94,1.68,393,IN_PROGRESS,SCIENCE,ARS,ALTO
14262,80591,80591,0.49,1.2,1.23,187,IN_PROGRESS,SCIENCE,CNY,ALTO
47265,86526,86526,0.6,1.1,1.8,322,IN_PROGRESS,SCIENCE,USD,ALTO
98594,59080,59080,0.47,0.87,1.31,386,COMPLETED,OTHER,EUR,ALTO
9259,56975,56975,0.38,0.69,1.05,269,PENDING_FUNDING,HEALTH,CNY,ALTO
48575,90499,90499,0.6,1.1,1.93,394,IN_PROGRESS,OTHER,USD,ALTO
4529,99857,99857,0.32,0.69,0.9,239,PENDING_FUNDING,HEALTH,CNY,ALTO
2790,70917,70917,0.34,0.74,1.06,385,PENDING_FUNDING,OTHER,CNY,ALTO
14526,66615,66615,0.4,0.9,1.07,221,PENDING_FUNDING,OTHER,EUR,ALTO
81268,95076,95076,0.39,0.95,1.16,255,COMPLETED,TECH,EUR,ALTO
9954,81411,81411,0.59,1.09,1.92,291,IN_PROGRESS,HEALTH,CNY,ALTO
99640,80806,80806,0.41,0.83,1.23,373,COMPLETED,OTHER,USD,ALTO
22475,54425,54425,0.5,1.1,1.64,223,PENDING_FUNDING,TECH,ARS,ALTO
92055,69847,69847,0.55,1.35,1.8,228,PENDING_FUNDING,OTHER,USD,ALTO
10642,61768,61768,0.45,0.91,1.42,218,IN_PROGRESS,HEALTH,ARS,ALTO
4767,92484,92484,0.37,0.71,1.24,261,IN_PROGRESS,TECH,EUR,ALTO
96402,73864,73864,0.53,1.14,1.52,236,PENDING_FUNDING,TECH,CNY,ALTO
95972,98372,98372,0.58,1.07,1.9,289,PENDING_FUNDING,OTHER,USD,ALTO
35002,89712,89712,0.55,1.09,1.42,272,IN_PROGRESS,SCIENCE,EUR,ALTO
41469,89687,89687,0.46,0.83,1.31,186,PENDING_FUNDING,HEALTH,EUR,ALTO
7327,69619,69619,0.52,1.0,1.7,371,PENDING_FUNDING,TECH,USD,ALTO
33404,84735,84735,0.35,0.82,0.96,365,IN_PROGRESS,HEALTH,ARS,ALTO
18979,63381,63381,0.45,1.11,1.21,342,COMPLETED,TECH,EUR,ALTO
20294,64978,64978,0.55,1.14,1.73,355,PENDING_FUNDING,OTHER,EUR,ALTO
77634,86364,86364,0.3,0.7,1.04,213,COMPLETED,HEALTH,USD,ALTO
58831,53224,53224,0.39,0.97,0.98,244,IN_PROGRESS,TECH,EUR,ALTO
88008,91393,91393,0.55,1.15,1.62,375,IN_PROGRESS,TECH,USD,ALTO
37356,92167,92167,0.45,0.87,1.46,201,IN_PROGRESS,TECH,ARS,ALTO
19936,50868,50868,0.35,0.84,1.1,333,PENDING_FUNDING,SCIENCE,CNY,ALTO
72491,50042,50042,0.58,1.05,1.81,223,IN_PROGRESS,HEALTH,USD,ALTO
31117,75513,75513,0.52,1.03,1.34,357,IN_PROGRESS,OTHER,USD,ALTO
25573,72573,72573,0.46,0.85,1.57,393,IN_PROGRESS,TECH,ARS,ALTO
7372,82085,82085,0.39,0.77,1.04,260,PENDING_FUNDING,TECH,USD,ALTO
4706,96561,96561,0.47,1.15,1.47,200,IN_PROGRESS,TECH,CNY,ALTO
67190,55546,55546,0.55,1.29,1.81,328,COMPLETED,OTHER,USD,ALTO
64491,99026,99026,0.46,0.9,1.3,236,PENDING_FUNDING,HEALTH,ARS,ALTO
35103,90365,90365,0.39,0.79,1.04,196,PENDING_FUNDING,SCIENCE,CNY,ALTO
8197,59662,59662,0.34,0.79,0.95,304,IN_PROGRESS,TECH,ARS,ALTO
65262,92799,92799,0.36,0.75,1.14,288,IN_PROGRESS,HEALTH,ARS,ALTO
48763,98979,98979,0.5,1.12,1.38,397,IN_PROGRESS,TECH,CNY,ALTO
7586,71308,71308,0.53,1.15,1.37,250,COMPLETED,HEALTH,USD,ALTO
52762,70904,70904,0.47,0.92,1.44,244,COMPLETED,TECH,CNY,ALTO
65435,80002,80002,0.42,0.98,1.24,200,IN_PROGRESS,SCIENCE,ARS,ALTO
59458,66763,66763,0.53,1.11,1.66,295,IN_PROGRESS,SCIENCE,USD,ALTO
28062,81135,81135,0.56,1.34,1.72,208,PENDING_FUNDING,TECH,EUR,ALTO
67944,88091,88091,0.39,0.94,1.01,193,IN_PROGRESS,TECH,USD,ALTO
94982,67438,67438,0.44,0.95,1.23,223,PENDING_FUNDING,OTHER,CNY,ALTO
36943,69116,69116,0.52,1.18,1.75,346,IN_PROGRESS,TECH,EUR,ALTO
65737,52247,52247,0.48,0.88,1.64,273,PENDING_FUNDING,TECH,CNY,ALTO
11034,84510,84510,0.48,0.94,1.43,341,IN_PROGRESS,OTHER,EUR,ALTO
53309,85651,85651,0.45,0.89,1.54,301,COMPLETED,HEALTH,ARS,ALTO
13200,77731,77731,0.38,0.92,1.14,274,IN_PROGRESS,HEALTH,ARS,ALTO
45418,98887,98887,0.37,0.92,1.29,323,PENDING_FUNDING,OTHER,CNY,ALTO
22114,65686,65686,0.58,1.27,1.73,213,IN_PROGRESS,SCIENCE,USD,ALTO
70437,87002,87002,0.41,0.86,1.1,315,IN_PROGRESS,HEALTH,EUR,ALTO
14386,89808,89808,0.55,1.07,1.72,262,COMPLETED,TECH,CNY,ALTO
31498,73829,73829,0.31,0.67,0.83,258,IN_PROGRESS,HEALTH,CNY,ALTO
2674,63394,63394,0.59,1.31,1.84,312,PENDING_FUNDING,SCIENCE,EUR,ALTO
38214,94944,94944,0.41,0.89,1.2,366,COMPLETED,SCIENCE,EUR,ALTO
43835,88674,88674,0.58,1.28,1.78,377,PENDING_FUNDING,SCIENCE,USD,ALTO
87456,68002,68002,0.56,1.32,1.62,223,PENDING_FUNDING,HEALTH,USD,ALTO
20207,69425,69425,0.39,0.77,1.27,360,COMPLETED,OTHER,EUR,ALTO
7601,91960,91960,0.54,1.34,1.57,383,IN_PROGRESS,TECH,CNY,ALTO
14376,79347,79347,0.44,1.0,1.45,363,PENDING_FUNDING,HEALTH,CNY,ALTO
86945,79144,79144,0.36,0.83,1.23,296,IN_PROGRESS,HEALTH,USD,ALTO
35907,95395,95395,0.59,1.4,1.67,249,COMPLETED,SCIENCE,ARS,ALTO
83605,90761,90761,0.6,1.38,1.69,278,COMPLETED,SCIENCE,USD,ALTO
52750,62769,62769,0.57,1.3,1.92,359,PENDING_FUNDING,TECH,CNY,ALTO
27931,85422,85422,0.39,0.89,1.07,291,COMPLETED,SCIENCE,CNY,ALTO
45548,98436,98436,0.58,1.3,1.49,367,COMPLETED,OTHER,USD,ALTO
1850,67330,67330,0.44,0.96,1.52,255,IN_PROGRESS,TECH,EUR,ALTO
26202,94988,94988,0.47,0.9,1.29,278,COMPLETED,HEALTH,ARS,ALTO
94985,79479,79479,0.39,0.75,1.01,269,COMPLETED,OTHER,EUR,ALTO
92412,92582,92582,0.53,1.07,1.8,267,COMPLETED,TECH,ARS,ALTO
68159,79871,79871,0.48,0.91,1.57,289,IN_PROGRESS,TECH,ARS,ALTO
14002,51510,51510,0.5,1.24,1.73,397,IN_PROGRESS,OTHER,ARS,ALTO
1045,51799,51799,0.56,1.05,1.83,380,IN_PROGRESS,HEALTH,USD,ALTO
32140,73656,73656,0.4,0.95,1.22,246,COMPLETED,HEALTH,USD,ALTO
67114,56411,56411,0.58,1.08,1.85,268,COMPLETED,OTHER,CNY,ALTO
76209,84675,84675,0.54,1.06,1.7,393,IN_PROGRESS,OTHER,USD,ALTO
28918,69031,69031,0.53,1.21,1.46,220,IN_PROGRESS,HEALTH,USD,ALTO
26272,65232,65232,0.55,1.14,1.81,292,PENDING_FUNDING,TECH,CNY,ALTO
57347,94216,94216,0.56,1.01,1.62,211,PENDING_FUNDING,HEALTH,USD,ALTO
10458,64110,64110,0.38,0.8,1.29,272,PENDING_FUNDING,OTHER,EUR,ALTO
95124,59471,59471,0.4,0.99,1.21,231,IN_PROGRESS,HEALTH,EUR,ALTO
60166,85932,85932,0.3,0.61,0.97,187,PENDING_FUNDING,OTHER,USD,ALTO
19669,71759,71759,0.36,0.88,0.98,325,IN_PROGRESS,OTHER,CNY,ALTO
49195,96959,96959,0.57,1.23,1.94,300,IN_PROGRESS,HEALTH,ARS,ALTO
59039,66738,66738,0.54,1.15,1.46,336,COMPLETED,SCIENCE,EUR,ALTO
38593,71176,71176,0.43,0.98,1.35,308,PENDING_FUNDING,HEALTH,ARS,ALTO
70695,58232,58232,0.4,0.89,1.33,358,PENDING_FUNDING,TECH,ARS,ALTO
39375,53113,53113,0.39,0.75,1.3,388,PENDING_FUNDING,HEALTH,ARS,ALTO
77771,90989,90989,0.38,0.82,1.07,191,IN_PROGRESS,TECH,ARS,ALTO
56416,91241,91241,0.48,0.92,1.45,371,PENDING_FUNDING,OTHER,ARS,ALTO
60421,78803,78803,0.49,1.12,1.4,396,IN_PROGRESS,HEALTH,CNY,ALTO
57224,67074,67074,0.54,1.32,1.54,252,PENDING_FUNDING,HEALTH,CNY,ALTO
56398,75626,75626,0.58,1.42,1.51,294,PENDING_FUNDING,TECH,EUR,ALTO
44019,70768,70768,0.59,1.08,1.58,312,PENDING_FUNDING,TECH,USD,ALTO
8516,64908,64908,0.58,1.06,1.96,185,COMPLETED,SCIENCE,USD,ALTO
71382,73507,73507,0.55,1.13,1.39,311,COMPLETED,OTHER,CNY,ALTO
40931,74022,74022,0.46,1.05,1.44,190,PENDING_FUNDING,HEALTH,EUR,ALTO
35232,65420,65420,0.46,1.14,1.44,352,COMPLETED,TECH,ARS,ALTO
9150,77228,77228,0.33,0.63,0.93,279,PENDING_FUNDING,TECH,CNY,ALTO
80046,54879,54879,0.47,0.97,1.2,310,IN_PROGRESS,HEALTH,EUR,ALTO
53313,83733,83733,0.53,1.04,1.65,373,PENDING_FUNDING,SCIENCE,CNY,ALTO
50321,98310,98310,0.51,1.02,1.53,321,COMPLETED,OTHER,USD,ALTO
93283,55471,55471,0.53,1.08,1.6,377,IN_PROGRESS,OTHER,CNY,ALTO
40992,53423,53423,0.45,1.1,1.24,194,COMPLETED,SCIENCE,ARS,ALTO
55194,57139,57139,0.36,0.82,1.18,333,COMPLETED,OTHER,EUR,ALTO
81703,88677,88677,0.5,1.11,1.28,397,COMPLETED,HEALTH,ARS,ALTO
96962,79442,79442,0.59,1.34,2.03,352,IN_PROGRESS,SCIENCE,EUR,ALTO
75277,97726,97726,0.31,0.76,0.93,231,PENDING_FUNDING,TECH,ARS,ALTO
92058,88467,88467,0.51,1.15,1.28,222,IN_PROGRESS,HEALTH,EUR,ALTO
1304,84013,84013,0.51,1.21,1.34,190,PENDING_FUNDING,HEALTH,CNY,ALTO
65172,77228,77228,0.31,0.6,0.95,336,PENDING_FUNDING,TECH,CNY,ALTO
37724,88705,88705,0.51,1.15,1.63,261,COMPLETED,HEALTH,USD,ALTO
75308,81805,81805,0.52,0.97,1.43,254,IN_PROGRESS,OTHER,CNY,ALTO
54128,69569,69569,0.39,0.8,1.27,253,COMPLETED,TECH,USD,ALTO
50861,97428,97428,0.33,0.75,1.11,212,IN_PROGRESS,HEALTH,ARS,ALTO
62972,87073,87073,0.41,0.88,1.16,329,IN_PROGRESS,TECH,CNY,ALTO
67656,90111,90111,0.54,1.33,1.7,377,PENDING_FUNDING,OTHER,ARS,ALTO
25578,57408,57408,0.31,0.63,0.91,190,PENDING_FUNDING,SCIENCE,CNY,ALTO
79087,98662,98662,0.48,1.14,1.23,187,PENDING_FUNDING,TECH,USD,ALTO
40317,87353,87353,0.53,1.23,1.42,340,COMPLETED,OTHER,CNY,ALTO
96723,68463,68463,0.48,1.05,1.36,275,PENDING_FUNDING,HEALTH,ARS,ALTO
76645,72812,72812,0.33,0.67,0.83,184,PENDING_FUNDING,HEALTH,ARS,ALTO
91599,75805,75805,0.44,0.94,1.19,262,PENDING_FUNDING,OTHER,USD,ALTO
22747,53030,53030,0.38,0.7,1.1,354,PENDING_FUNDING,OTHER,CNY,ALTO
71179,54368,54368,0.55,1.28,1.5,345,COMPLETED,SCIENCE,USD,ALTO
83484,93167,93167,0.57,1.38,1.83,386,COMPLETED,OTHER,ARS,ALTO
48871,83775,83775,0.36,0.66,1.03,322,IN_PROGRESS,OTHER,CNY,ALTO
79113,70857,70857,0.4,0.95,1.17,229,PENDING_FUNDING,SCIENCE,EUR,ALTO
70928,81716,81716,0.31,0.63,1.0,375,COMPLETED,TECH,USD,ALTO
3122,80820,80820,0.52,1.17,1.54,232,IN_PROGRESS,HEALTH,ARS,ALTO
70427,84187,84187,0.34,0.72,0.86,200,COMPLETED,HEALTH,ARS,ALTO
